"","base","mint"
"ets",3.59352248950682,12.0647988239865
"iglm",18.3738654524606,20.4263382636231
"naiveecdf",-2.64825715222955,-2.79599125216079
"tscount",17.1084250997527,20.5566013840049
