"","base","mint"
"ets",9.21401364236094,9.49081464193383
"iglm",8.91999828716161,10.0513636792985
"naiveecdf",-0.0935286979415248,-0.0685499743777511
"tscount",9.3992481718294,9.59040744484634
