"","base","mint"
"ets",2.7572511334681,2.57734612211098
"iglm",3.29653893115431,1.72976177744559
"naiveecdf",-0.424629430280965,-0.10776512216689
"tscount",1.78277202964051,1.38450899668842
