"","base","mint"
"ets",7.17213775991641,8.39057246252936
"iglm",10.493297328055,12.1955521784477
"naiveecdf",-0.636475941412588,-0.521691722594581
"tscount",10.446585233723,11.6866918685103
