"","base","mint"
"ets",2.30266255426365,2.34769870334675
"iglm",0.820897079273956,0.674920298831699
"naiveecdf",0.650299939317292,0.825833618453999
"tscount",0.876632192997742,-0.136721009812325
