"","base","mint"
"ets",-6.40644638937712,-27.315313654611
"iglm",1.01629337210691,-38.0164033236618
"naiveecdf",1.43868378247097,-26.401327522465
"tscount",4.69393614881639,-35.9770245358884
