"","base","mint"
"ets",5.12339689436513,-9.46655566040894
"iglm",-5.75282503420726,-13.5402965343394
"naiveecdf",2.46670142663049,2.38949390441462
"tscount",-5.69213161650098,-13.7553970511499
