"","base","mint"
"ets",5.68954946575604,19.6989821532683
"iglm",0.319663083177077,28.0580750863104
"naiveecdf",-0.443672414438968,21.2766189641099
"tscount",-1.60673712315372,27.1173092192083
