"","base","mint"
"ets",2.12318522099094,3.23415948264563
"iglm",2.25429688094476,1.69516718034125
"naiveecdf",0.91762492269635,0.843817655306739
"tscount",2.19791399077113,0.955017708837938
