"","base","mint"
"ets",4.31477546882528,2.83424243060148
"iglm",6.1473767150404,3.53303740290004
"naiveecdf",-0.144258901441249,-0.0985772708829019
"tscount",2.60823337561716,3.35271588335148
